{"chunk_definitions":[{"chunk_id":"cscg6rdgtimt6","chunk_label":"unnamed-chunk-2","document_id":"14380F3A","expansion_state":0,"options":{"engine":"r","label":"unnamed-chunk-4"},"row":41,"row_count":1,"visible":true},{"chunk_id":"ctwkygtho9u77","chunk_label":"unnamed-chunk-4","document_id":"14380F3A","expansion_state":0,"options":{"engine":"r","label":"unnamed-chunk-5"},"row":63,"row_count":1,"visible":true},{"chunk_id":"cnqdk2fsn2x1j","chunk_label":"unnamed-chunk-5","document_id":"14380F3A","expansion_state":0,"options":{"engine":"r","label":"unnamed-chunk-6"},"row":100,"row_count":1,"visible":true},{"chunk_id":"c0zkcvmdekr6h","chunk_label":"unnamed-chunk-6","document_id":"14380F3A","expansion_state":0,"options":{"engine":"r","label":"unnamed-chunk-156"},"row":115,"row_count":1,"visible":true}],"chunk_rendered_width":700,"doc_write_time":1589645710}